Ключ;Что означаем;Пример: текст → JSON
art_hyper;Гипертоническая болезнь/артериальная гипертензия именно как установленный диагноз, а не просто повышенное АД. Распознавать: гипертоническая болезнь, ГБ, артериальная гипертензия, АГ, hypertension — только в диагностическом контексте. Если диагноз явно указан → 1. Не выводить 1 только по высокому АД или приёму гипотензивных препаратов.;"«Гипертоническая болезнь 3 ст.» → {""art_hyper"":1}"
atr_fibril;"Фибрилляция или трепетание предсердий как диагноз/нарушение ритма. Распознавать: фибрилляция предсердий, ФП, мерцательная аритмия, atrial fibrillation, AF; трепетание предсердий, atrial flutter. При явном указании → 1. Не выводить по одному нерегулярному пульсу без диагноза.";"«Фибрилляция предсердий» → {""atr_fibril"":1}"
ckd;Хроническая болезнь почек и указанная стадия. Распознавать: ХБП, хроническая болезнь почек, CKD, chronic kidney disease. Возвращать нормализованную формулировку вместе со стадией, если она прямо указана. Не вычислять стадию самостоятельно по креатинину или eGFR.;"«ХБП 3А стадии» → {""ckd"":""ХБП 3А""}"
copd;Хроническая обструктивная болезнь лёгких как диагноз. Распознавать: ХОБЛ, хроническая обструктивная болезнь лёгких, COPD. При явном диагнозе → 1. Не выводить по курению, одышке или бронхообструкции без установленного диагноза.;"«Сопутствующий диагноз: ХОБЛ» → {""copd"":1}"
diagnosis_icd;"Код основного диагноза по МКБ-10. Распознавать рядом с формулировками: МКБ-10, ICD-10, код диагноза, основной диагноз; извлекать код вида буква + 2 цифры, при наличии — точка и дополнительные знаки, например I21.1. Не брать код сопутствующего диагноза, если явно указан основной.";"«Диагноз МКБ: I21.1» → {""diagnosis_icd"":""I21.1""}"
dm;Сахарный диабет как установленный диагноз, независимо от типа. Распознавать: сахарный диабет, СД, diabetes mellitus, DM в диагностическом контексте. При явном диагнозе → 1. Не выводить по одиночной гипергликемии или HbA1c без установленного диагноза.;"«Сахарный диабет 2 типа» → {""dm"":1}"
hf;"Хроническая сердечная недостаточность с указанной стадией и/или функциональным классом. Распознавать: ХСН, хроническая сердечная недостаточность, CHF/HF в диагностическом контексте; стадии 1, 2А, 2Б, 3; ФК I–IV/1–4. Возвращать найденную формулировку со стадией и ФК. Не вычислять ХСН по ФВ, отёкам, NT-proBNP или другим признакам.";"«ХСН 2А, ФК 2» → {""hf"":""ХСН 2А, ФК 2""}"
killip;"Прямо указанный класс Killip при остром инфаркте/ОКС. Распознавать: Killip I, II, III, IV; Киллип I–IV. Нормализовать: I→1, II→2, III→3, IV→4. Не вычислять класс самостоятельно по симптомам, влажным хрипам, отёку лёгких или шоку.";"«Killip II» → {""killip"":2}"
mi_localisation;"Локализация инфаркта миокарда по схеме: A — передняя; I — нижняя; L — боковая; N — локализация не уточнена. Распознавать явные формулировки инфаркта: передний/передней стенки/переднеперегородочный → A; нижний/нижней стенки/диафрагмальный → I; боковой/латеральный → L. Если инфаркт указан, но локализация в тексте не определена → N. Не определять локализацию только по отведениям ЭКГ, если в данном поле требуется текстовый диагноз.";"«Инфаркт нижней стенки» → {""mi_localisation"":""I""}"
tlt;Факт выполненного лекарственного тромболизиса/тромболитической терапии. Распознавать: проведён тромболизис, ТЛТ, тромболитическая терапия, фибринолиз, введён тромболитик в контексте лечения ОКС. Если явно выполнено → 1. Не считать ЧКВ, стентирование или тромбоаспирацию тромболизисом.;"«Проведён тромболизис» → {""tlt"":1}"
type_acs;"Тип ОКС: STEMI — инфаркт/ОКС с подъёмом ST; NSTEMI — инфаркт/ОКС без подъёма ST; NA — тип не установлен. Распознавать прямые формулировки STEMI, NSTEMI, ОКС с подъёмом ST, ОКС без подъёма ST, инфаркт с/без подъёма ST. Не выводить тип только по тропонину или одному косвенному признаку, если диагноз прямо не сформулирован.";"«Инфаркт с подъёмом ST» → {""type_acs"":""STEMI""}"
